"V1","V2","V3","V4","V5","V6","V7"
"1","Shaded cells indicate IMF staff estimates",NA,NA,NA,NA,NA,NA
"2","ISO","Country","Subject Descriptor","Units","Scale","Country/Series-specific Notes","2013"
"3","AFG","Afghanistan","Gross domestic product based on purchasing-power-parity (PPP) valuation of country GDP","Current international dollar","Billions","","35.146"
"4","AFG","Afghanistan","Gross domestic product based on purchasing-power-parity (PPP) share of world total","Percent","","","0.040"
"5","AFG","Afghanistan","Volume of imports of goods and services","Percent change","","","-2.280"
"6","AFG","Afghanistan","Volume of exports of goods and services","Percent change","","","4.130"
"7","ALB","Albania","Gross domestic product based on purchasing-power-parity (PPP) valuation of country GDP","Current international dollar","Billions","","26.499"
"8","ALB","Albania","Gross domestic product based on purchasing-power-parity (PPP) share of world total","Percent","","","0.030"
"9","ALB","Albania","Volume of imports of goods and services","Percent change","","","0.494"
"10","ALB","Albania","Volume of exports of goods and services","Percent change","","","15.528"
"11","DZA","Algeria","Gross domestic product based on purchasing-power-parity (PPP) valuation of country GDP","Current international dollar","Billions","","285.541"
"12","DZA","Algeria","Gross domestic product based on purchasing-power-parity (PPP) share of world total","Percent","","","0.328"
"13","DZA","Algeria","Volume of imports of goods and services","Percent change","","","8.290"
"14","DZA","Algeria","Volume of exports of goods and services","Percent change","","","-6.549"
"15","AGO","Angola","Gross domestic product based on purchasing-power-parity (PPP) valuation of country GDP","Current international dollar","Billions","","130.066"
"16","AGO","Angola","Gross domestic product based on purchasing-power-parity (PPP) share of world total","Percent","","","0.150"
"17","AGO","Angola","Volume of imports of goods and services","Percent change","","","9.291"
"18","AGO","Angola","Volume of exports of goods and services","Percent change","","","0.959"
"19","ATG","Antigua and Barbuda","Gross domestic product based on purchasing-power-parity (PPP) valuation of country GDP","Current international dollar","Billions","","1.626"
"20","ATG","Antigua and Barbuda","Gross domestic product based on purchasing-power-parity (PPP) share of world total","Percent","","","0.002"
"21","ATG","Antigua and Barbuda","Volume of imports of goods and services","Percent change","","","-9.506"
"22","ATG","Antigua and Barbuda","Volume of exports of goods and services","Percent change","","","-3.317"
"23","ARG","Argentina","Gross domestic product based on purchasing-power-parity (PPP) valuation of country GDP","Current international dollar","Billions","","777.945"
"24","ARG","Argentina","Gross domestic product based on purchasing-power-parity (PPP) share of world total","Percent","","","0.894"
"25","ARG","Argentina","Volume of imports of goods and services","Percent change","","","5.108"
"26","ARG","Argentina","Volume of exports of goods and services","Percent change","","","4.578"
"27","ARM","Armenia","Gross domestic product based on purchasing-power-parity (PPP) valuation of country GDP","Current international dollar","Billions","","20.352"
"28","ARM","Armenia","Gross domestic product based on purchasing-power-parity (PPP) share of world total","Percent","","","0.023"
"29","ARM","Armenia","Volume of imports of goods and services","Percent change","","","3.517"
"30","ARM","Armenia","Volume of exports of goods and services","Percent change","","","6.816"
"31","AUS","Australia","Gross domestic product based on purchasing-power-parity (PPP) valuation of country GDP","Current international dollar","Billions","","999.595"
"32","AUS","Australia","Gross domestic product based on purchasing-power-parity (PPP) share of world total","Percent","","","1.149"
"33","AUS","Australia","Volume of imports of goods and services","Percent change","","","-2.803"
"34","AUS","Australia","Volume of exports of goods and services","Percent change","","","6.812"
"35","AUT","Austria","Gross domestic product based on purchasing-power-parity (PPP) valuation of country GDP","Current international dollar","Billions","","361.402"
"36","AUT","Austria","Gross domestic product based on purchasing-power-parity (PPP) share of world total","Percent","","","0.415"
"37","AUT","Austria","Volume of imports of goods and services","Percent change","","","0.395"
"38","AUT","Austria","Volume of exports of goods and services","Percent change","","","2.302"
"39","AZE","Azerbaijan","Gross domestic product based on purchasing-power-parity (PPP) valuation of country GDP","Current international dollar","Billions","","102.811"
"40","AZE","Azerbaijan","Gross domestic product based on purchasing-power-parity (PPP) share of world total","Percent","","","0.118"
"41","AZE","Azerbaijan","Volume of imports of goods and services","Percent change","","","-0.225"
"42","AZE","Azerbaijan","Volume of exports of goods and services","Percent change","","","-2.863"
"43","BHS","The Bahamas","Gross domestic product based on purchasing-power-parity (PPP) valuation of country GDP","Current international dollar","Billions","","11.411"
"44","BHS","The Bahamas","Gross domestic product based on purchasing-power-parity (PPP) share of world total","Percent","","","0.013"
"45","BHS","The Bahamas","Volume of imports of goods and services","Percent change","","","4.290"
"46","BHS","The Bahamas","Volume of exports of goods and services","Percent change","","","2.373"
"47","BHR","Bahrain","Gross domestic product based on purchasing-power-parity (PPP) valuation of country GDP","Current international dollar","Billions","","40.610"
"48","BHR","Bahrain","Gross domestic product based on purchasing-power-parity (PPP) share of world total","Percent","","","0.047"
"49","BHR","Bahrain","Volume of imports of goods and services","Percent change","","","-5.601"
"50","BHR","Bahrain","Volume of exports of goods and services","Percent change","","","9.268"
"51","BGD","Bangladesh","Gross domestic product based on purchasing-power-parity (PPP) valuation of country GDP","Current international dollar","Billions","","325.075"
"52","BGD","Bangladesh","Gross domestic product based on purchasing-power-parity (PPP) share of world total","Percent","","","0.374"
"53","BGD","Bangladesh","Volume of imports of goods and services","Percent change","","","4.586"
"54","BGD","Bangladesh","Volume of exports of goods and services","Percent change","","","12.058"
"55","BRB","Barbados","Gross domestic product based on purchasing-power-parity (PPP) valuation of country GDP","Current international dollar","Billions","","7.017"
"56","BRB","Barbados","Gross domestic product based on purchasing-power-parity (PPP) share of world total","Percent","","","0.008"
"57","BRB","Barbados","Volume of imports of goods and services","Percent change","","","-0.317"
"58","BRB","Barbados","Volume of exports of goods and services","Percent change","","","-3.184"
"59","BLR","Belarus","Gross domestic product based on purchasing-power-parity (PPP) valuation of country GDP","Current international dollar","Billions","","149.088"
"60","BLR","Belarus","Gross domestic product based on purchasing-power-parity (PPP) share of world total","Percent","","","0.171"
"61","BLR","Belarus","Volume of imports of goods and services","Percent change","","","-6.138"
"62","BLR","Belarus","Volume of exports of goods and services","Percent change","","","-17.048"
"63","BEL","Belgium","Gross domestic product based on purchasing-power-parity (PPP) valuation of country GDP","Current international dollar","Billions","","422.809"
"64","BEL","Belgium","Gross domestic product based on purchasing-power-parity (PPP) share of world total","Percent","","","0.486"
"65","BEL","Belgium","Volume of imports of goods and services","Percent change","","","0.301"
"66","BEL","Belgium","Volume of exports of goods and services","Percent change","","","2.407"
"67","BLZ","Belize","Gross domestic product based on purchasing-power-parity (PPP) valuation of country GDP","Current international dollar","Billions","","3.038"
"68","BLZ","Belize","Gross domestic product based on purchasing-power-parity (PPP) share of world total","Percent","","","0.003"
"69","BLZ","Belize","Volume of imports of goods and services","Percent change","","","2.892"
"70","BLZ","Belize","Volume of exports of goods and services","Percent change","","","-1.983"
"71","BEN","Benin","Gross domestic product based on purchasing-power-parity (PPP) valuation of country GDP","Current international dollar","Billions","","16.748"
"72","BEN","Benin","Gross domestic product based on purchasing-power-parity (PPP) share of world total","Percent","","","0.019"
"73","BEN","Benin","Volume of imports of goods and services","Percent change","","","56.376"
"74","BEN","Benin","Volume of exports of goods and services","Percent change","","","57.772"
"75","BTN","Bhutan","Gross domestic product based on purchasing-power-parity (PPP) valuation of country GDP","Current international dollar","Billions","","4.745"
"76","BTN","Bhutan","Gross domestic product based on purchasing-power-parity (PPP) share of world total","Percent","","","0.005"
"77","BTN","Bhutan","Volume of imports of goods and services","Percent change","","","-9.153"
"78","BTN","Bhutan","Volume of exports of goods and services","Percent change","","","-6.672"
"79","BOL","Bolivia","Gross domestic product based on purchasing-power-parity (PPP) valuation of country GDP","Current international dollar","Billions","","59.195"
"80","BOL","Bolivia","Gross domestic product based on purchasing-power-parity (PPP) share of world total","Percent","","","0.068"
"81","BOL","Bolivia","Volume of imports of goods and services","Percent change","","","6.504"
"82","BOL","Bolivia","Volume of exports of goods and services","Percent change","","","3.121"
"83","BIH","Bosnia and Herzegovina","Gross domestic product based on purchasing-power-parity (PPP) valuation of country GDP","Current international dollar","Billions","","32.109"
"84","BIH","Bosnia and Herzegovina","Gross domestic product based on purchasing-power-parity (PPP) share of world total","Percent","","","0.037"
"85","BIH","Bosnia and Herzegovina","Volume of imports of goods and services","Percent change","","","-1.841"
"86","BIH","Bosnia and Herzegovina","Volume of exports of goods and services","Percent change","","","7.970"
"87","BWA","Botswana","Gross domestic product based on purchasing-power-parity (PPP) valuation of country GDP","Current international dollar","Billions","","34.050"
"88","BWA","Botswana","Gross domestic product based on purchasing-power-parity (PPP) share of world total","Percent","","","0.039"
"89","BWA","Botswana","Volume of imports of goods and services","Percent change","","","-2.136"
"90","BWA","Botswana","Volume of exports of goods and services","Percent change","","","1.992"
"91","BRA","Brazil","Gross domestic product based on purchasing-power-parity (PPP) valuation of country GDP","Current international dollar","Billions","","2,423.306"
"92","BRA","Brazil","Gross domestic product based on purchasing-power-parity (PPP) share of world total","Percent","","","2.786"
"93","BRA","Brazil","Volume of imports of goods and services","Percent change","","","8.628"
"94","BRA","Brazil","Volume of exports of goods and services","Percent change","","","3.118"
"95","BRN","Brunei Darussalam","Gross domestic product based on purchasing-power-parity (PPP) valuation of country GDP","Current international dollar","Billions","","21.690"
"96","BRN","Brunei Darussalam","Gross domestic product based on purchasing-power-parity (PPP) share of world total","Percent","","","0.025"
"97","BRN","Brunei Darussalam","Volume of imports of goods and services","Percent change","","","-5.090"
"98","BRN","Brunei Darussalam","Volume of exports of goods and services","Percent change","","","2.712"
"99","BGR","Bulgaria","Gross domestic product based on purchasing-power-parity (PPP) valuation of country GDP","Current international dollar","Billions","","104.950"
"100","BGR","Bulgaria","Gross domestic product based on purchasing-power-parity (PPP) share of world total","Percent","","","0.121"
"101","BGR","Bulgaria","Volume of imports of goods and services","Percent change","","","5.758"
"102","BGR","Bulgaria","Volume of exports of goods and services","Percent change","","","11.296"
"103","BFA","Burkina Faso","Gross domestic product based on purchasing-power-parity (PPP) valuation of country GDP","Current international dollar","Billions","","26.628"
"104","BFA","Burkina Faso","Gross domestic product based on purchasing-power-parity (PPP) share of world total","Percent","","","0.031"
"105","BFA","Burkina Faso","Volume of imports of goods and services","Percent change","","","29.285"
"106","BFA","Burkina Faso","Volume of exports of goods and services","Percent change","","","-2.302"
"107","BDI","Burundi","Gross domestic product based on purchasing-power-parity (PPP) valuation of country GDP","Current international dollar","Billions","","5.766"
"108","BDI","Burundi","Gross domestic product based on purchasing-power-parity (PPP) share of world total","Percent","","","0.007"
"109","BDI","Burundi","Volume of imports of goods and services","Percent change","","","3.430"
"110","BDI","Burundi","Volume of exports of goods and services","Percent change","","","-6.559"
"111","CPV","Cabo Verde","Gross domestic product based on purchasing-power-parity (PPP) valuation of country GDP","Current international dollar","Billions","","2.170"
"112","CPV","Cabo Verde","Gross domestic product based on purchasing-power-parity (PPP) share of world total","Percent","","","0.002"
"113","CPV","Cabo Verde","Volume of imports of goods and services","Percent change","","","-7.440"
"114","CPV","Cabo Verde","Volume of exports of goods and services","Percent change","","","7.205"
"115","KHM","Cambodia","Gross domestic product based on purchasing-power-parity (PPP) valuation of country GDP","Current international dollar","Billions","","39.690"
"116","KHM","Cambodia","Gross domestic product based on purchasing-power-parity (PPP) share of world total","Percent","","","0.046"
"117","KHM","Cambodia","Volume of imports of goods and services","Percent change","","","12.067"
"118","KHM","Cambodia","Volume of exports of goods and services","Percent change","","","17.298"
"119","CMR","Cameroon","Gross domestic product based on purchasing-power-parity (PPP) valuation of country GDP","Current international dollar","Billions","","53.287"
"120","CMR","Cameroon","Gross domestic product based on purchasing-power-parity (PPP) share of world total","Percent","","","0.061"
"121","CMR","Cameroon","Volume of imports of goods and services","Percent change","","","4.878"
"122","CMR","Cameroon","Volume of exports of goods and services","Percent change","","","7.691"
"123","CAN","Canada","Gross domestic product based on purchasing-power-parity (PPP) valuation of country GDP","Current international dollar","Billions","","1,526.079"
"124","CAN","Canada","Gross domestic product based on purchasing-power-parity (PPP) share of world total","Percent","","","1.754"
"125","CAN","Canada","Volume of imports of goods and services","Percent change","","","1.089"
"126","CAN","Canada","Volume of exports of goods and services","Percent change","","","2.108"
"127","CAF","Central African Republic","Gross domestic product based on purchasing-power-parity (PPP) valuation of country GDP","Current international dollar","Billions","","2.499"
"128","CAF","Central African Republic","Gross domestic product based on purchasing-power-parity (PPP) share of world total","Percent","","","0.003"
"129","CAF","Central African Republic","Volume of imports of goods and services","Percent change","","","-25.983"
"130","CAF","Central African Republic","Volume of exports of goods and services","Percent change","","","-48.016"
"131","TCD","Chad","Gross domestic product based on purchasing-power-parity (PPP) valuation of country GDP","Current international dollar","Billions","","27.956"
"132","TCD","Chad","Gross domestic product based on purchasing-power-parity (PPP) share of world total","Percent","","","0.032"
"133","TCD","Chad","Volume of imports of goods and services","Percent change","","","-6.064"
"134","TCD","Chad","Volume of exports of goods and services","Percent change","","","-7.193"
"135","CHL","Chile","Gross domestic product based on purchasing-power-parity (PPP) valuation of country GDP","Current international dollar","Billions","","334.760"
"136","CHL","Chile","Gross domestic product based on purchasing-power-parity (PPP) share of world total","Percent","","","0.385"
"137","CHL","Chile","Volume of imports of goods and services","Percent change","","","2.372"
"138","CHL","Chile","Volume of exports of goods and services","Percent change","","","4.496"
"139","CHN","China","Gross domestic product based on purchasing-power-parity (PPP) valuation of country GDP","Current international dollar","Billions","","13,395.396"
"140","CHN","China","Gross domestic product based on purchasing-power-parity (PPP) share of world total","Percent","","","15.398"
"141","CHN","China","Volume of imports of goods and services","Percent change","","","10.608"
"142","CHN","China","Volume of exports of goods and services","Percent change","","","8.617"
"143","COL","Colombia","Gross domestic product based on purchasing-power-parity (PPP) valuation of country GDP","Current international dollar","Billions","","527.565"
"144","COL","Colombia","Gross domestic product based on purchasing-power-parity (PPP) share of world total","Percent","","","0.606"
"145","COL","Colombia","Volume of imports of goods and services","Percent change","","","0.951"
"146","COL","Colombia","Volume of exports of goods and services","Percent change","","","1.783"
"147","COM","Comoros","Gross domestic product based on purchasing-power-parity (PPP) valuation of country GDP","Current international dollar","Billions","","0.912"
"148","COM","Comoros","Gross domestic product based on purchasing-power-parity (PPP) share of world total","Percent","","","0.001"
"149","COM","Comoros","Volume of imports of goods and services","Percent change","","","6.224"
"150","COM","Comoros","Volume of exports of goods and services","Percent change","","","17.036"
"151","COD","Democratic Republic of the Congo","Gross domestic product based on purchasing-power-parity (PPP) valuation of country GDP","Current international dollar","Billions","","49.871"
"152","COD","Democratic Republic of the Congo","Gross domestic product based on purchasing-power-parity (PPP) share of world total","Percent","","","0.057"
"153","COD","Democratic Republic of the Congo","Volume of imports of goods and services","Percent change","","","15.318"
"154","COD","Democratic Republic of the Congo","Volume of exports of goods and services","Percent change","","","24.966"
"155","COG","Republic of Congo","Gross domestic product based on purchasing-power-parity (PPP) valuation of country GDP","Current international dollar","Billions","","20.036"
"156","COG","Republic of Congo","Gross domestic product based on purchasing-power-parity (PPP) share of world total","Percent","","","0.023"
"157","COG","Republic of Congo","Volume of imports of goods and services","Percent change","","","0.274"
"158","COG","Republic of Congo","Volume of exports of goods and services","Percent change","","","-9.929"
"159","CRI","Costa Rica","Gross domestic product based on purchasing-power-parity (PPP) valuation of country GDP","Current international dollar","Billions","","61.558"
"160","CRI","Costa Rica","Gross domestic product based on purchasing-power-parity (PPP) share of world total","Percent","","","0.071"
"161","CRI","Costa Rica","Volume of imports of goods and services","Percent change","","","4.077"
"162","CRI","Costa Rica","Volume of exports of goods and services","Percent change","","","3.635"
"163","CIV","C么te d'Ivoire","Gross domestic product based on purchasing-power-parity (PPP) valuation of country GDP","Current international dollar","Billions","","43.759"
"164","CIV","C么te d'Ivoire","Gross domestic product based on purchasing-power-parity (PPP) share of world total","Percent","","","0.050"
"165","CIV","C么te d'Ivoire","Volume of imports of goods and services","Percent change","","","22.682"
"166","CIV","C么te d'Ivoire","Volume of exports of goods and services","Percent change","","","11.537"
"167","HRV","Croatia","Gross domestic product based on purchasing-power-parity (PPP) valuation of country GDP","Current international dollar","Billions","","77.875"
"168","HRV","Croatia","Gross domestic product based on purchasing-power-parity (PPP) share of world total","Percent","","","0.090"
"169","HRV","Croatia","Volume of imports of goods and services","Percent change","","","-1.200"
"170","HRV","Croatia","Volume of exports of goods and services","Percent change","","","-2.500"
"171","CYP","Cyprus","Gross domestic product based on purchasing-power-parity (PPP) valuation of country GDP","Current international dollar","Billions","","22.271"
"172","CYP","Cyprus","Gross domestic product based on purchasing-power-parity (PPP) share of world total","Percent","","","0.026"
"173","CYP","Cyprus","Volume of imports of goods and services","Percent change","","","-14.700"
"174","CYP","Cyprus","Volume of exports of goods and services","Percent change","","","-4.800"
"175","CZE","Czech Republic","Gross domestic product based on purchasing-power-parity (PPP) valuation of country GDP","Current international dollar","Billions","","286.039"
"176","CZE","Czech Republic","Gross domestic product based on purchasing-power-parity (PPP) share of world total","Percent","","","0.329"
"177","CZE","Czech Republic","Volume of imports of goods and services","Percent change","","","0.511"
"178","CZE","Czech Republic","Volume of exports of goods and services","Percent change","","","0.119"
"179","DNK","Denmark","Gross domestic product based on purchasing-power-parity (PPP) valuation of country GDP","Current international dollar","Billions","","211.916"
"180","DNK","Denmark","Gross domestic product based on purchasing-power-parity (PPP) share of world total","Percent","","","0.244"
"181","DNK","Denmark","Volume of imports of goods and services","Percent change","","","4.703"
"182","DNK","Denmark","Volume of exports of goods and services","Percent change","","","4.195"
"183","DJI","Djibouti","Gross domestic product based on purchasing-power-parity (PPP) valuation of country GDP","Current international dollar","Billions","","2.509"
"184","DJI","Djibouti","Gross domestic product based on purchasing-power-parity (PPP) share of world total","Percent","","","0.003"
"185","DJI","Djibouti","Volume of imports of goods and services","Percent change","","","5.681"
"186","DJI","Djibouti","Volume of exports of goods and services","Percent change","","","11.384"
"187","DMA","Dominica","Gross domestic product based on purchasing-power-parity (PPP) valuation of country GDP","Current international dollar","Billions","","1.010"
"188","DMA","Dominica","Gross domestic product based on purchasing-power-parity (PPP) share of world total","Percent","","","0.001"
"189","DMA","Dominica","Volume of imports of goods and services","Percent change","","","3.171"
"190","DMA","Dominica","Volume of exports of goods and services","Percent change","","","5.698"
"191","DOM","Dominican Republic","Gross domestic product based on purchasing-power-parity (PPP) valuation of country GDP","Current international dollar","Billions","","103.217"
"192","DOM","Dominican Republic","Gross domestic product based on purchasing-power-parity (PPP) share of world total","Percent","","","0.119"
"193","DOM","Dominican Republic","Volume of imports of goods and services","Percent change","","","-2.780"
"194","DOM","Dominican Republic","Volume of exports of goods and services","Percent change","","","6.222"
"195","ECU","Ecuador","Gross domestic product based on purchasing-power-parity (PPP) valuation of country GDP","Current international dollar","Billions","","159.013"
"196","ECU","Ecuador","Gross domestic product based on purchasing-power-parity (PPP) share of world total","Percent","","","0.183"
"197","ECU","Ecuador","Volume of imports of goods and services","Percent change","","","8.464"
"198","ECU","Ecuador","Volume of exports of goods and services","Percent change","","","7.582"
"199","EGY","Egypt","Gross domestic product based on purchasing-power-parity (PPP) valuation of country GDP","Current international dollar","Billions","","553.581"
"200","EGY","Egypt","Gross domestic product based on purchasing-power-parity (PPP) share of world total","Percent","","","0.636"
"201","EGY","Egypt","Volume of imports of goods and services","Percent change","","","0.879"
"202","EGY","Egypt","Volume of exports of goods and services","Percent change","","","5.455"
"203","SLV","El Salvador","Gross domestic product based on purchasing-power-parity (PPP) valuation of country GDP","Current international dollar","Billions","","47.536"
"204","SLV","El Salvador","Gross domestic product based on purchasing-power-parity (PPP) share of world total","Percent","","","0.055"
"205","SLV","El Salvador","Volume of imports of goods and services","Percent change","","","4.863"
"206","SLV","El Salvador","Volume of exports of goods and services","Percent change","","","1.526"
"207","GNQ","Equatorial Guinea","Gross domestic product based on purchasing-power-parity (PPP) valuation of country GDP","Current international dollar","Billions","","17.691"
"208","GNQ","Equatorial Guinea","Gross domestic product based on purchasing-power-parity (PPP) share of world total","Percent","","","0.020"
"209","GNQ","Equatorial Guinea","Volume of imports of goods and services","Percent change","","","-1.128"
"210","GNQ","Equatorial Guinea","Volume of exports of goods and services","Percent change","","","-9.268"
"211","ERI","Eritrea","Gross domestic product based on purchasing-power-parity (PPP) valuation of country GDP","Current international dollar","Billions","","4.473"
"212","ERI","Eritrea","Gross domestic product based on purchasing-power-parity (PPP) share of world total","Percent","","","0.005"
"213","ERI","Eritrea","Volume of imports of goods and services","Percent change","","","6.255"
"214","ERI","Eritrea","Volume of exports of goods and services","Percent change","","","-1.317"
"215","EST","Estonia","Gross domestic product based on purchasing-power-parity (PPP) valuation of country GDP","Current international dollar","Billions","","29.774"
"216","EST","Estonia","Gross domestic product based on purchasing-power-parity (PPP) share of world total","Percent","","","0.034"
"217","EST","Estonia","Volume of imports of goods and services","Percent change","","","2.542"
"218","EST","Estonia","Volume of exports of goods and services","Percent change","","","2.153"
"219","ETH","Ethiopia","Gross domestic product based on purchasing-power-parity (PPP) valuation of country GDP","Current international dollar","Billions","","121.366"
"220","ETH","Ethiopia","Gross domestic product based on purchasing-power-parity (PPP) share of world total","Percent","","","0.140"
"221","ETH","Ethiopia","Volume of imports of goods and services","Percent change","","","1.664"
"222","ETH","Ethiopia","Volume of exports of goods and services","Percent change","","","14.295"
"223","FJI","Fiji","Gross domestic product based on purchasing-power-parity (PPP) valuation of country GDP","Current international dollar","Billions","","4.457"
"224","FJI","Fiji","Gross domestic product based on purchasing-power-parity (PPP) share of world total","Percent","","","0.005"
"225","FJI","Fiji","Volume of imports of goods and services","Percent change","","",""
"226","FJI","Fiji","Volume of exports of goods and services","Percent change","","",""
"227","FIN","Finland","Gross domestic product based on purchasing-power-parity (PPP) valuation of country GDP","Current international dollar","Billions","","194.161"
"228","FIN","Finland","Gross domestic product based on purchasing-power-parity (PPP) share of world total","Percent","","","0.223"
"229","FIN","Finland","Volume of imports of goods and services","Percent change","","","-1.800"
"230","FIN","Finland","Volume of exports of goods and services","Percent change","","","0.319"
"231","FRA","France","Gross domestic product based on purchasing-power-parity (PPP) valuation of country GDP","Current international dollar","Billions","","2,277.995"
"232","FRA","France","Gross domestic product based on purchasing-power-parity (PPP) share of world total","Percent","","","2.619"
"233","FRA","France","Volume of imports of goods and services","Percent change","","","0.764"
"234","FRA","France","Volume of exports of goods and services","Percent change","","","0.562"
"235","GAB","Gabon","Gross domestic product based on purchasing-power-parity (PPP) valuation of country GDP","Current international dollar","Billions","","30.444"
"236","GAB","Gabon","Gross domestic product based on purchasing-power-parity (PPP) share of world total","Percent","","","0.035"
"237","GAB","Gabon","Volume of imports of goods and services","Percent change","","","10.916"
"238","GAB","Gabon","Volume of exports of goods and services","Percent change","","","3.777"
"239","GMB","The Gambia","Gross domestic product based on purchasing-power-parity (PPP) valuation of country GDP","Current international dollar","Billions","","3.680"
"240","GMB","The Gambia","Gross domestic product based on purchasing-power-parity (PPP) share of world total","Percent","","","0.004"
"241","GMB","The Gambia","Volume of imports of goods and services","Percent change","","","1.596"
"242","GMB","The Gambia","Volume of exports of goods and services","Percent change","","","12.979"
"243","GEO","Georgia","Gross domestic product based on purchasing-power-parity (PPP) valuation of country GDP","Current international dollar","Billions","","27.552"
"244","GEO","Georgia","Gross domestic product based on purchasing-power-parity (PPP) share of world total","Percent","","","0.032"
"245","GEO","Georgia","Volume of imports of goods and services","Percent change","","","4.935"
"246","GEO","Georgia","Volume of exports of goods and services","Percent change","","","19.117"
"247","DEU","Germany","Gross domestic product based on purchasing-power-parity (PPP) valuation of country GDP","Current international dollar","Billions","","3,232.545"
"248","DEU","Germany","Gross domestic product based on purchasing-power-parity (PPP) share of world total","Percent","","","3.716"
"249","DEU","Germany","Volume of imports of goods and services","Percent change","","","0.925"
"250","DEU","Germany","Volume of exports of goods and services","Percent change","","","0.784"
"251","GHA","Ghana","Gross domestic product based on purchasing-power-parity (PPP) valuation of country GDP","Current international dollar","Billions","","88.474"
"252","GHA","Ghana","Gross domestic product based on purchasing-power-parity (PPP) share of world total","Percent","","","0.102"
"253","GHA","Ghana","Volume of imports of goods and services","Percent change","","","2.935"
"254","GHA","Ghana","Volume of exports of goods and services","Percent change","","","2.754"
"255","GRC","Greece","Gross domestic product based on purchasing-power-parity (PPP) valuation of country GDP","Current international dollar","Billions","","265.632"
"256","GRC","Greece","Gross domestic product based on purchasing-power-parity (PPP) share of world total","Percent","","","0.305"
"257","GRC","Greece","Volume of imports of goods and services","Percent change","","","-4.876"
"258","GRC","Greece","Volume of exports of goods and services","Percent change","","","2.566"
"259","GRD","Grenada","Gross domestic product based on purchasing-power-parity (PPP) valuation of country GDP","Current international dollar","Billions","","1.451"
"260","GRD","Grenada","Gross domestic product based on purchasing-power-parity (PPP) share of world total","Percent","","","0.002"
"261","GRD","Grenada","Volume of imports of goods and services","Percent change","","","22.457"
"262","GRD","Grenada","Volume of exports of goods and services","Percent change","","","-4.025"
"263","GTM","Guatemala","Gross domestic product based on purchasing-power-parity (PPP) valuation of country GDP","Current international dollar","Billions","","81.784"
"264","GTM","Guatemala","Gross domestic product based on purchasing-power-parity (PPP) share of world total","Percent","","","0.094"
"265","GTM","Guatemala","Volume of imports of goods and services","Percent change","","","5.763"
"266","GTM","Guatemala","Volume of exports of goods and services","Percent change","","","2.375"
"267","GIN","Guinea","Gross domestic product based on purchasing-power-parity (PPP) valuation of country GDP","Current international dollar","Billions","","12.517"
"268","GIN","Guinea","Gross domestic product based on purchasing-power-parity (PPP) share of world total","Percent","","","0.014"
"269","GIN","Guinea","Volume of imports of goods and services","Percent change","","","-20.059"
"270","GIN","Guinea","Volume of exports of goods and services","Percent change","","","-3.232"
"271","GNB","Guinea-Bissau","Gross domestic product based on purchasing-power-parity (PPP) valuation of country GDP","Current international dollar","Billions","","1.944"
"272","GNB","Guinea-Bissau","Gross domestic product based on purchasing-power-parity (PPP) share of world total","Percent","","","0.002"
"273","GNB","Guinea-Bissau","Volume of imports of goods and services","Percent change","","","8.256"
"274","GNB","Guinea-Bissau","Volume of exports of goods and services","Percent change","","","39.804"
"275","GUY","Guyana","Gross domestic product based on purchasing-power-parity (PPP) valuation of country GDP","Current international dollar","Billions","","6.570"
"276","GUY","Guyana","Gross domestic product based on purchasing-power-parity (PPP) share of world total","Percent","","","0.008"
"277","GUY","Guyana","Volume of imports of goods and services","Percent change","","","-2.100"
"278","GUY","Guyana","Volume of exports of goods and services","Percent change","","","2.414"
"279","HTI","Haiti","Gross domestic product based on purchasing-power-parity (PPP) valuation of country GDP","Current international dollar","Billions","","13.569"
"280","HTI","Haiti","Gross domestic product based on purchasing-power-parity (PPP) share of world total","Percent","","","0.016"
"281","HTI","Haiti","Volume of imports of goods and services","Percent change","","","5.477"
"282","HTI","Haiti","Volume of exports of goods and services","Percent change","","","14.296"
"283","HND","Honduras","Gross domestic product based on purchasing-power-parity (PPP) valuation of country GDP","Current international dollar","Billions","","39.191"
"284","HND","Honduras","Gross domestic product based on purchasing-power-parity (PPP) share of world total","Percent","","","0.045"
"285","HND","Honduras","Volume of imports of goods and services","Percent change","","","-1.259"
"286","HND","Honduras","Volume of exports of goods and services","Percent change","","","-0.780"
"287","HKG","Hong Kong SAR","Gross domestic product based on purchasing-power-parity (PPP) valuation of country GDP","Current international dollar","Billions","","381.918"
"288","HKG","Hong Kong SAR","Gross domestic product based on purchasing-power-parity (PPP) share of world total","Percent","","","0.439"
"289","HKG","Hong Kong SAR","Volume of imports of goods and services","Percent change","","","6.950"
"290","HKG","Hong Kong SAR","Volume of exports of goods and services","Percent change","","","6.498"
"291","HUN","Hungary","Gross domestic product based on purchasing-power-parity (PPP) valuation of country GDP","Current international dollar","Billions","","198.223"
"292","HUN","Hungary","Gross domestic product based on purchasing-power-parity (PPP) share of world total","Percent","","","0.228"
"293","HUN","Hungary","Volume of imports of goods and services","Percent change","","","5.288"
"294","HUN","Hungary","Volume of exports of goods and services","Percent change","","","5.269"
"295","ISL","Iceland","Gross domestic product based on purchasing-power-parity (PPP) valuation of country GDP","Current international dollar","Billions","","13.196"
"296","ISL","Iceland","Gross domestic product based on purchasing-power-parity (PPP) share of world total","Percent","","","0.015"
"297","ISL","Iceland","Volume of imports of goods and services","Percent change","","","1.182"
"298","ISL","Iceland","Volume of exports of goods and services","Percent change","","","4.731"
"299","IND","India","Gross domestic product based on purchasing-power-parity (PPP) valuation of country GDP","Current international dollar","Billions","","5,069.158"
"300","IND","India","Gross domestic product based on purchasing-power-parity (PPP) share of world total","Percent","","","5.827"
"301","IND","India","Volume of imports of goods and services","Percent change","","","-2.116"
"302","IND","India","Volume of exports of goods and services","Percent change","","","5.030"
"303","IDN","Indonesia","Gross domestic product based on purchasing-power-parity (PPP) valuation of country GDP","Current international dollar","Billions","","1,292.848"
"304","IDN","Indonesia","Gross domestic product based on purchasing-power-parity (PPP) share of world total","Percent","","","1.486"
"305","IDN","Indonesia","Volume of imports of goods and services","Percent change","","","-0.442"
"306","IDN","Indonesia","Volume of exports of goods and services","Percent change","","","2.173"
"307","IRN","Islamic Republic of Iran","Gross domestic product based on purchasing-power-parity (PPP) valuation of country GDP","Current international dollar","Billions","","945.518"
"308","IRN","Islamic Republic of Iran","Gross domestic product based on purchasing-power-parity (PPP) share of world total","Percent","","","1.087"
"309","IRN","Islamic Republic of Iran","Volume of imports of goods and services","Percent change","","","-9.033"
"310","IRN","Islamic Republic of Iran","Volume of exports of goods and services","Percent change","","","5.412"
"311","IRQ","Iraq","Gross domestic product based on purchasing-power-parity (PPP) valuation of country GDP","Current international dollar","Billions","","257.036"
"312","IRQ","Iraq","Gross domestic product based on purchasing-power-parity (PPP) share of world total","Percent","","","0.295"
"313","IRQ","Iraq","Volume of imports of goods and services","Percent change","","",""
"314","IRQ","Iraq","Volume of exports of goods and services","Percent change","","",""
"315","IRL","Ireland","Gross domestic product based on purchasing-power-parity (PPP) valuation of country GDP","Current international dollar","Billions","","188.877"
"316","IRL","Ireland","Gross domestic product based on purchasing-power-parity (PPP) share of world total","Percent","","","0.217"
"317","IRL","Ireland","Volume of imports of goods and services","Percent change","","","0.974"
"318","IRL","Ireland","Volume of exports of goods and services","Percent change","","","0.151"
"319","ISR","Israel","Gross domestic product based on purchasing-power-parity (PPP) valuation of country GDP","Current international dollar","Billions","","273.671"
"320","ISR","Israel","Gross domestic product based on purchasing-power-parity (PPP) share of world total","Percent","","","0.315"
"321","ISR","Israel","Volume of imports of goods and services","Percent change","","","-1.664"
"322","ISR","Israel","Volume of exports of goods and services","Percent change","","","1.628"
"323","ITA","Italy","Gross domestic product based on purchasing-power-parity (PPP) valuation of country GDP","Current international dollar","Billions","","1,807.831"
"324","ITA","Italy","Gross domestic product based on purchasing-power-parity (PPP) share of world total","Percent","","","2.078"
"325","ITA","Italy","Volume of imports of goods and services","Percent change","","","-2.751"
"326","ITA","Italy","Volume of exports of goods and services","Percent change","","","0.127"
"327","JAM","Jamaica","Gross domestic product based on purchasing-power-parity (PPP) valuation of country GDP","Current international dollar","Billions","","25.184"
"328","JAM","Jamaica","Gross domestic product based on purchasing-power-parity (PPP) share of world total","Percent","","","0.029"
"329","JAM","Jamaica","Volume of imports of goods and services","Percent change","","","7.699"
"330","JAM","Jamaica","Volume of exports of goods and services","Percent change","","","11.608"
"331","JPN","Japan","Gross domestic product based on purchasing-power-parity (PPP) valuation of country GDP","Current international dollar","Billions","","4,698.805"
"332","JPN","Japan","Gross domestic product based on purchasing-power-parity (PPP) share of world total","Percent","","","5.401"
"333","JPN","Japan","Volume of imports of goods and services","Percent change","","","3.366"
"334","JPN","Japan","Volume of exports of goods and services","Percent change","","","1.631"
"335","JOR","Jordan","Gross domestic product based on purchasing-power-parity (PPP) valuation of country GDP","Current international dollar","Billions","","40.016"
"336","JOR","Jordan","Gross domestic product based on purchasing-power-parity (PPP) share of world total","Percent","","","0.046"
"337","JOR","Jordan","Volume of imports of goods and services","Percent change","","","2.306"
"338","JOR","Jordan","Volume of exports of goods and services","Percent change","","","5.943"
"339","KAZ","Kazakhstan","Gross domestic product based on purchasing-power-parity (PPP) valuation of country GDP","Current international dollar","Billions","","246.904"
"340","KAZ","Kazakhstan","Gross domestic product based on purchasing-power-parity (PPP) share of world total","Percent","","","0.284"
"341","KAZ","Kazakhstan","Volume of imports of goods and services","Percent change","","","-1.712"
"342","KAZ","Kazakhstan","Volume of exports of goods and services","Percent change","","","-3.275"
"343","KEN","Kenya","Gross domestic product based on purchasing-power-parity (PPP) valuation of country GDP","Current international dollar","Billions","","80.363"
"344","KEN","Kenya","Gross domestic product based on purchasing-power-parity (PPP) share of world total","Percent","","","0.092"
"345","KEN","Kenya","Volume of imports of goods and services","Percent change","","","0.659"
"346","KEN","Kenya","Volume of exports of goods and services","Percent change","","","0.949"
"347","KIR","Kiribati","Gross domestic product based on purchasing-power-parity (PPP) valuation of country GDP","Current international dollar","Billions","","0.699"
"348","KIR","Kiribati","Gross domestic product based on purchasing-power-parity (PPP) share of world total","Percent","","","0.001"
"349","KIR","Kiribati","Volume of imports of goods and services","Percent change","","","0.765"
"350","KIR","Kiribati","Volume of exports of goods and services","Percent change","","","3.203"
"351","KOR","Korea","Gross domestic product based on purchasing-power-parity (PPP) valuation of country GDP","Current international dollar","Billions","","1,666.755"
"352","KOR","Korea","Gross domestic product based on purchasing-power-parity (PPP) share of world total","Percent","","","1.916"
"353","KOR","Korea","Volume of imports of goods and services","Percent change","","","3.497"
"354","KOR","Korea","Volume of exports of goods and services","Percent change","","","4.272"
"355","UVK","Kosovo","Gross domestic product based on purchasing-power-parity (PPP) valuation of country GDP","Current international dollar","Billions","","14.034"
"356","UVK","Kosovo","Gross domestic product based on purchasing-power-parity (PPP) share of world total","Percent","","","0.016"
"357","UVK","Kosovo","Volume of imports of goods and services","Percent change","","","3.829"
"358","UVK","Kosovo","Volume of exports of goods and services","Percent change","","","5.134"
"359","KWT","Kuwait","Gross domestic product based on purchasing-power-parity (PPP) valuation of country GDP","Current international dollar","Billions","","154.460"
"360","KWT","Kuwait","Gross domestic product based on purchasing-power-parity (PPP) share of world total","Percent","","","0.178"
"361","KWT","Kuwait","Volume of imports of goods and services","Percent change","","","5.856"
"362","KWT","Kuwait","Volume of exports of goods and services","Percent change","","","-4.135"
"363","KGZ","Kyrgyz Republic","Gross domestic product based on purchasing-power-parity (PPP) valuation of country GDP","Current international dollar","Billions","","14.733"
"364","KGZ","Kyrgyz Republic","Gross domestic product based on purchasing-power-parity (PPP) share of world total","Percent","","","0.017"
"365","KGZ","Kyrgyz Republic","Volume of imports of goods and services","Percent change","","","6.445"
"366","KGZ","Kyrgyz Republic","Volume of exports of goods and services","Percent change","","","14.822"
"367","LAO","Lao P.D.R.","Gross domestic product based on purchasing-power-parity (PPP) valuation of country GDP","Current international dollar","Billions","","20.777"
"368","LAO","Lao P.D.R.","Gross domestic product based on purchasing-power-parity (PPP) share of world total","Percent","","","0.024"
"369","LAO","Lao P.D.R.","Volume of imports of goods and services","Percent change","","","-1.410"
"370","LAO","Lao P.D.R.","Volume of exports of goods and services","Percent change","","","7.730"
"371","LVA","Latvia","Gross domestic product based on purchasing-power-parity (PPP) valuation of country GDP","Current international dollar","Billions","","38.920"
"372","LVA","Latvia","Gross domestic product based on purchasing-power-parity (PPP) share of world total","Percent","","","0.045"
"373","LVA","Latvia","Volume of imports of goods and services","Percent change","","","-1.682"
"374","LVA","Latvia","Volume of exports of goods and services","Percent change","","","1.010"
"375","LBN","Lebanon","Gross domestic product based on purchasing-power-parity (PPP) valuation of country GDP","Current international dollar","Billions","","66.318"
"376","LBN","Lebanon","Gross domestic product based on purchasing-power-parity (PPP) share of world total","Percent","","","0.076"
"377","LBN","Lebanon","Volume of imports of goods and services","Percent change","","","2.091"
"378","LBN","Lebanon","Volume of exports of goods and services","Percent change","","","2.413"
"379","LSO","Lesotho","Gross domestic product based on purchasing-power-parity (PPP) valuation of country GDP","Current international dollar","Billions","","4.298"
"380","LSO","Lesotho","Gross domestic product based on purchasing-power-parity (PPP) share of world total","Percent","","","0.005"
"381","LSO","Lesotho","Volume of imports of goods and services","Percent change","","","8.857"
"382","LSO","Lesotho","Volume of exports of goods and services","Percent change","","","9.580"
"383","LBR","Liberia","Gross domestic product based on purchasing-power-parity (PPP) valuation of country GDP","Current international dollar","Billions","","2.867"
"384","LBR","Liberia","Gross domestic product based on purchasing-power-parity (PPP) share of world total","Percent","","","0.003"
"385","LBR","Liberia","Volume of imports of goods and services","Percent change","","","0.551"
"386","LBR","Liberia","Volume of exports of goods and services","Percent change","","","4.762"
"387","LBY","Libya","Gross domestic product based on purchasing-power-parity (PPP) valuation of country GDP","Current international dollar","Billions","","70.386"
"388","LBY","Libya","Gross domestic product based on purchasing-power-parity (PPP) share of world total","Percent","","","0.081"
"389","LBY","Libya","Volume of imports of goods and services","Percent change","","","18.873"
"390","LBY","Libya","Volume of exports of goods and services","Percent change","","","-39.669"
"391","LTU","Lithuania","Gross domestic product based on purchasing-power-parity (PPP) valuation of country GDP","Current international dollar","Billions","","67.602"
"392","LTU","Lithuania","Gross domestic product based on purchasing-power-parity (PPP) share of world total","Percent","","","0.078"
"393","LTU","Lithuania","Volume of imports of goods and services","Percent change","","","9.850"
"394","LTU","Lithuania","Volume of exports of goods and services","Percent change","","","9.526"
"395","LUX","Luxembourg","Gross domestic product based on purchasing-power-parity (PPP) valuation of country GDP","Current international dollar","Billions","","42.630"
"396","LUX","Luxembourg","Gross domestic product based on purchasing-power-parity (PPP) share of world total","Percent","","","0.049"
"397","LUX","Luxembourg","Volume of imports of goods and services","Percent change","","","2.644"
"398","LUX","Luxembourg","Volume of exports of goods and services","Percent change","","","1.779"
"399","MKD","FYR Macedonia","Gross domestic product based on purchasing-power-parity (PPP) valuation of country GDP","Current international dollar","Billions","","22.584"
"400","MKD","FYR Macedonia","Gross domestic product based on purchasing-power-parity (PPP) share of world total","Percent","","","0.026"
"401","MKD","FYR Macedonia","Volume of imports of goods and services","Percent change","","","-2.052"
"402","MKD","FYR Macedonia","Volume of exports of goods and services","Percent change","","","4.582"
"403","MDG","Madagascar","Gross domestic product based on purchasing-power-parity (PPP) valuation of country GDP","Current international dollar","Billions","","22.282"
"404","MDG","Madagascar","Gross domestic product based on purchasing-power-parity (PPP) share of world total","Percent","","","0.026"
"405","MDG","Madagascar","Volume of imports of goods and services","Percent change","","","14.180"
"406","MDG","Madagascar","Volume of exports of goods and services","Percent change","","","9.520"
"407","MWI","Malawi","Gross domestic product based on purchasing-power-parity (PPP) valuation of country GDP","Current international dollar","Billions","","15.036"
"408","MWI","Malawi","Gross domestic product based on purchasing-power-parity (PPP) share of world total","Percent","","","0.017"
"409","MWI","Malawi","Volume of imports of goods and services","Percent change","","","2.627"
"410","MWI","Malawi","Volume of exports of goods and services","Percent change","","","15.379"
"411","MYS","Malaysia","Gross domestic product based on purchasing-power-parity (PPP) valuation of country GDP","Current international dollar","Billions","","525.698"
"412","MYS","Malaysia","Gross domestic product based on purchasing-power-parity (PPP) share of world total","Percent","","","0.604"
"413","MYS","Malaysia","Volume of imports of goods and services","Percent change","","","1.353"
"414","MYS","Malaysia","Volume of exports of goods and services","Percent change","","","-1.275"
"415","MDV","Maldives","Gross domestic product based on purchasing-power-parity (PPP) valuation of country GDP","Current international dollar","Billions","","3.086"
"416","MDV","Maldives","Gross domestic product based on purchasing-power-parity (PPP) share of world total","Percent","","","0.004"
"417","MDV","Maldives","Volume of imports of goods and services","Percent change","","","5.501"
"418","MDV","Maldives","Volume of exports of goods and services","Percent change","","","5.785"
"419","MLI","Mali","Gross domestic product based on purchasing-power-parity (PPP) valuation of country GDP","Current international dollar","Billions","","18.597"
"420","MLI","Mali","Gross domestic product based on purchasing-power-parity (PPP) share of world total","Percent","","","0.021"
"421","MLI","Mali","Volume of imports of goods and services","Percent change","","","26.414"
"422","MLI","Mali","Volume of exports of goods and services","Percent change","","","9.045"
"423","MLT","Malta","Gross domestic product based on purchasing-power-parity (PPP) valuation of country GDP","Current international dollar","Billions","","11.618"
"424","MLT","Malta","Gross domestic product based on purchasing-power-parity (PPP) share of world total","Percent","","","0.013"
"425","MLT","Malta","Volume of imports of goods and services","Percent change","","","2.300"
"426","MLT","Malta","Volume of exports of goods and services","Percent change","","","2.300"
"427","MHL","Marshall Islands","Gross domestic product based on purchasing-power-parity (PPP) valuation of country GDP","Current international dollar","Billions","","0.487"
"428","MHL","Marshall Islands","Gross domestic product based on purchasing-power-parity (PPP) share of world total","Percent","","","0.001"
"429","MHL","Marshall Islands","Volume of imports of goods and services","Percent change","","",""
"430","MHL","Marshall Islands","Volume of exports of goods and services","Percent change","","","5.992"
"431","MRT","Mauritania","Gross domestic product based on purchasing-power-parity (PPP) valuation of country GDP","Current international dollar","Billions","","8.241"
"432","MRT","Mauritania","Gross domestic product based on purchasing-power-parity (PPP) share of world total","Percent","","","0.009"
"433","MRT","Mauritania","Volume of imports of goods and services","Percent change","","","5.478"
"434","MRT","Mauritania","Volume of exports of goods and services","Percent change","","","-6.295"
"435","MUS","Mauritius","Gross domestic product based on purchasing-power-parity (PPP) valuation of country GDP","Current international dollar","Billions","","20.912"
"436","MUS","Mauritius","Gross domestic product based on purchasing-power-parity (PPP) share of world total","Percent","","","0.024"
"437","MUS","Mauritius","Volume of imports of goods and services","Percent change","","","1.817"
"438","MUS","Mauritius","Volume of exports of goods and services","Percent change","","","3.636"
"439","MEX","Mexico","Gross domestic product based on purchasing-power-parity (PPP) valuation of country GDP","Current international dollar","Billions","","1,842.563"
"440","MEX","Mexico","Gross domestic product based on purchasing-power-parity (PPP) share of world total","Percent","","","2.118"
"441","MEX","Mexico","Volume of imports of goods and services","Percent change","","","1.569"
"442","MEX","Mexico","Volume of exports of goods and services","Percent change","","","2.016"
"443","FSM","Micronesia","Gross domestic product based on purchasing-power-parity (PPP) valuation of country GDP","Current international dollar","Billions","","0.755"
"444","FSM","Micronesia","Gross domestic product based on purchasing-power-parity (PPP) share of world total","Percent","","","0.001"
"445","FSM","Micronesia","Volume of imports of goods and services","Percent change","","",""
"446","FSM","Micronesia","Volume of exports of goods and services","Percent change","","",""
"447","MDA","Moldova","Gross domestic product based on purchasing-power-parity (PPP) valuation of country GDP","Current international dollar","Billions","","13.299"
"448","MDA","Moldova","Gross domestic product based on purchasing-power-parity (PPP) share of world total","Percent","","","0.015"
"449","MDA","Moldova","Volume of imports of goods and services","Percent change","","","15.233"
"450","MDA","Moldova","Volume of exports of goods and services","Percent change","","","11.981"
"451","MNG","Mongolia","Gross domestic product based on purchasing-power-parity (PPP) valuation of country GDP","Current international dollar","Billions","","17.064"
"452","MNG","Mongolia","Gross domestic product based on purchasing-power-parity (PPP) share of world total","Percent","","","0.020"
"453","MNG","Mongolia","Volume of imports of goods and services","Percent change","","","-3.017"
"454","MNG","Mongolia","Volume of exports of goods and services","Percent change","","","-3.303"
"455","MNE","Montenegro","Gross domestic product based on purchasing-power-parity (PPP) valuation of country GDP","Current international dollar","Billions","","7.421"
"456","MNE","Montenegro","Gross domestic product based on purchasing-power-parity (PPP) share of world total","Percent","","","0.009"
"457","MNE","Montenegro","Volume of imports of goods and services","Percent change","","","0.240"
"458","MNE","Montenegro","Volume of exports of goods and services","Percent change","","","4.914"
"459","MAR","Morocco","Gross domestic product based on purchasing-power-parity (PPP) valuation of country GDP","Current international dollar","Billions","","179.240"
"460","MAR","Morocco","Gross domestic product based on purchasing-power-parity (PPP) share of world total","Percent","","","0.206"
"461","MAR","Morocco","Volume of imports of goods and services","Percent change","","","2.013"
"462","MAR","Morocco","Volume of exports of goods and services","Percent change","","","5.600"
"463","MOZ","Mozambique","Gross domestic product based on purchasing-power-parity (PPP) valuation of country GDP","Current international dollar","Billions","","28.183"
"464","MOZ","Mozambique","Gross domestic product based on purchasing-power-parity (PPP) share of world total","Percent","","","0.032"
"465","MOZ","Mozambique","Volume of imports of goods and services","Percent change","","","3.212"
"466","MOZ","Mozambique","Volume of exports of goods and services","Percent change","","","15.913"
"467","MMR","Myanmar","Gross domestic product based on purchasing-power-parity (PPP) valuation of country GDP","Current international dollar","Billions","","112.972"
"468","MMR","Myanmar","Gross domestic product based on purchasing-power-parity (PPP) share of world total","Percent","","","0.130"
"469","MMR","Myanmar","Volume of imports of goods and services","Percent change","","","12.294"
"470","MMR","Myanmar","Volume of exports of goods and services","Percent change","","","14.896"
"471","NAM","Namibia","Gross domestic product based on purchasing-power-parity (PPP) valuation of country GDP","Current international dollar","Billions","","17.805"
"472","NAM","Namibia","Gross domestic product based on purchasing-power-parity (PPP) share of world total","Percent","","","0.020"
"473","NAM","Namibia","Volume of imports of goods and services","Percent change","","","1.811"
"474","NAM","Namibia","Volume of exports of goods and services","Percent change","","","4.434"
"475","NPL","Nepal","Gross domestic product based on purchasing-power-parity (PPP) valuation of country GDP","Current international dollar","Billions","","42.112"
"476","NPL","Nepal","Gross domestic product based on purchasing-power-parity (PPP) share of world total","Percent","","","0.048"
"477","NPL","Nepal","Volume of imports of goods and services","Percent change","","",""
"478","NPL","Nepal","Volume of exports of goods and services","Percent change","","",""
"479","NLD","Netherlands","Gross domestic product based on purchasing-power-parity (PPP) valuation of country GDP","Current international dollar","Billions","","700.531"
"480","NLD","Netherlands","Gross domestic product based on purchasing-power-parity (PPP) share of world total","Percent","","","0.805"
"481","NLD","Netherlands","Volume of imports of goods and services","Percent change","","","0.463"
"482","NLD","Netherlands","Volume of exports of goods and services","Percent change","","","1.643"
"483","NZL","New Zealand","Gross domestic product based on purchasing-power-parity (PPP) valuation of country GDP","Current international dollar","Billions","","136.590"
"484","NZL","New Zealand","Gross domestic product based on purchasing-power-parity (PPP) share of world total","Percent","","","0.157"
"485","NZL","New Zealand","Volume of imports of goods and services","Percent change","","","7.048"
"486","NZL","New Zealand","Volume of exports of goods and services","Percent change","","","0.589"
"487","NIC","Nicaragua","Gross domestic product based on purchasing-power-parity (PPP) valuation of country GDP","Current international dollar","Billions","","27.902"
"488","NIC","Nicaragua","Gross domestic product based on purchasing-power-parity (PPP) share of world total","Percent","","","0.032"
"489","NIC","Nicaragua","Volume of imports of goods and services","Percent change","","","11.300"
"490","NIC","Nicaragua","Volume of exports of goods and services","Percent change","","","11.445"
"491","NER","Niger","Gross domestic product based on purchasing-power-parity (PPP) valuation of country GDP","Current international dollar","Billions","","13.762"
"492","NER","Niger","Gross domestic product based on purchasing-power-parity (PPP) share of world total","Percent","","","0.016"
"493","NER","Niger","Volume of imports of goods and services","Percent change","","","1.838"
"494","NER","Niger","Volume of exports of goods and services","Percent change","","","10.667"
"495","NGA","Nigeria","Gross domestic product based on purchasing-power-parity (PPP) valuation of country GDP","Current international dollar","Billions","","479.320"
"496","NGA","Nigeria","Gross domestic product based on purchasing-power-parity (PPP) share of world total","Percent","","","0.551"
"497","NGA","Nigeria","Volume of imports of goods and services","Percent change","","","8.089"
"498","NGA","Nigeria","Volume of exports of goods and services","Percent change","","","1.705"
"499","NOR","Norway","Gross domestic product based on purchasing-power-parity (PPP) valuation of country GDP","Current international dollar","Billions","","280.025"
"500","NOR","Norway","Gross domestic product based on purchasing-power-parity (PPP) share of world total","Percent","","","0.322"
"501","NOR","Norway","Volume of imports of goods and services","Percent change","","","3.300"
"502","NOR","Norway","Volume of exports of goods and services","Percent change","","","-2.075"
"503","OMN","Oman","Gross domestic product based on purchasing-power-parity (PPP) valuation of country GDP","Current international dollar","Billions","","94.986"
"504","OMN","Oman","Gross domestic product based on purchasing-power-parity (PPP) share of world total","Percent","","","0.109"
"505","OMN","Oman","Volume of imports of goods and services","Percent change","","","6.751"
"506","OMN","Oman","Volume of exports of goods and services","Percent change","","","3.112"
"507","PAK","Pakistan","Gross domestic product based on purchasing-power-parity (PPP) valuation of country GDP","Current international dollar","Billions","","575.049"
"508","PAK","Pakistan","Gross domestic product based on purchasing-power-parity (PPP) share of world total","Percent","","","0.661"
"509","PAK","Pakistan","Volume of imports of goods and services","Percent change","","","4.169"
"510","PAK","Pakistan","Volume of exports of goods and services","Percent change","","","5.940"
"511","PLW","Palau","Gross domestic product based on purchasing-power-parity (PPP) valuation of country GDP","Current international dollar","Billions","","0.415"
"512","PLW","Palau","Gross domestic product based on purchasing-power-parity (PPP) share of world total","Percent","","","--"
"513","PLW","Palau","Volume of imports of goods and services","Percent change","","","3.468"
"514","PLW","Palau","Volume of exports of goods and services","Percent change","","","-9.487"
"515","PAN","Panama","Gross domestic product based on purchasing-power-parity (PPP) valuation of country GDP","Current international dollar","Billions","","61.981"
"516","PAN","Panama","Gross domestic product based on purchasing-power-parity (PPP) share of world total","Percent","","","0.071"
"517","PAN","Panama","Volume of imports of goods and services","Percent change","","","8.203"
"518","PAN","Panama","Volume of exports of goods and services","Percent change","","","5.254"
"519","PNG","Papua New Guinea","Gross domestic product based on purchasing-power-parity (PPP) valuation of country GDP","Current international dollar","Billions","","19.828"
"520","PNG","Papua New Guinea","Gross domestic product based on purchasing-power-parity (PPP) share of world total","Percent","","","0.023"
"521","PNG","Papua New Guinea","Volume of imports of goods and services","Percent change","","","-26.219"
"522","PNG","Papua New Guinea","Volume of exports of goods and services","Percent change","","","7.330"
"523","PRY","Paraguay","Gross domestic product based on purchasing-power-parity (PPP) valuation of country GDP","Current international dollar","Billions","","46.362"
"524","PRY","Paraguay","Gross domestic product based on purchasing-power-parity (PPP) share of world total","Percent","","","0.053"
"525","PRY","Paraguay","Volume of imports of goods and services","Percent change","","","14.064"
"526","PRY","Paraguay","Volume of exports of goods and services","Percent change","","","22.972"
"527","PER","Peru","Gross domestic product based on purchasing-power-parity (PPP) valuation of country GDP","Current international dollar","Billions","","344.231"
"528","PER","Peru","Gross domestic product based on purchasing-power-parity (PPP) share of world total","Percent","","","0.396"
"529","PER","Peru","Volume of imports of goods and services","Percent change","","","5.547"
"530","PER","Peru","Volume of exports of goods and services","Percent change","","","-1.821"
"531","PHL","Philippines","Gross domestic product based on purchasing-power-parity (PPP) valuation of country GDP","Current international dollar","Billions","","456.418"
"532","PHL","Philippines","Gross domestic product based on purchasing-power-parity (PPP) share of world total","Percent","","","0.525"
"533","PHL","Philippines","Volume of imports of goods and services","Percent change","","","2.733"
"534","PHL","Philippines","Volume of exports of goods and services","Percent change","","","4.268"
"535","POL","Poland","Gross domestic product based on purchasing-power-parity (PPP) valuation of country GDP","Current international dollar","Billions","","817.457"
"536","POL","Poland","Gross domestic product based on purchasing-power-parity (PPP) share of world total","Percent","","","0.940"
"537","POL","Poland","Volume of imports of goods and services","Percent change","","","0.712"
"538","POL","Poland","Volume of exports of goods and services","Percent change","","","4.339"
"539","PRT","Portugal","Gross domestic product based on purchasing-power-parity (PPP) valuation of country GDP","Current international dollar","Billions","","244.813"
"540","PRT","Portugal","Gross domestic product based on purchasing-power-parity (PPP) share of world total","Percent","","","0.281"
"541","PRT","Portugal","Volume of imports of goods and services","Percent change","","","2.709"
"542","PRT","Portugal","Volume of exports of goods and services","Percent change","","","6.238"
"543","QAT","Qatar","Gross domestic product based on purchasing-power-parity (PPP) valuation of country GDP","Current international dollar","Billions","","199.638"
"544","QAT","Qatar","Gross domestic product based on purchasing-power-parity (PPP) share of world total","Percent","","","0.229"
"545","QAT","Qatar","Volume of imports of goods and services","Percent change","","","6.873"
"546","QAT","Qatar","Volume of exports of goods and services","Percent change","","","4.826"
"547","ROU","Romania","Gross domestic product based on purchasing-power-parity (PPP) valuation of country GDP","Current international dollar","Billions","","285.131"
"548","ROU","Romania","Gross domestic product based on purchasing-power-parity (PPP) share of world total","Percent","","","0.328"
"549","ROU","Romania","Volume of imports of goods and services","Percent change","","","2.300"
"550","ROU","Romania","Volume of exports of goods and services","Percent change","","","14.408"
"551","RUS","Russia","Gross domestic product based on purchasing-power-parity (PPP) valuation of country GDP","Current international dollar","Billions","","2,556.203"
"552","RUS","Russia","Gross domestic product based on purchasing-power-parity (PPP) share of world total","Percent","","","2.938"
"553","RUS","Russia","Volume of imports of goods and services","Percent change","","","6.154"
"554","RUS","Russia","Volume of exports of goods and services","Percent change","","","3.240"
"555","RWA","Rwanda","Gross domestic product based on purchasing-power-parity (PPP) valuation of country GDP","Current international dollar","Billions","","16.368"
"556","RWA","Rwanda","Gross domestic product based on purchasing-power-parity (PPP) share of world total","Percent","","","0.019"
"557","RWA","Rwanda","Volume of imports of goods and services","Percent change","","","3.061"
"558","RWA","Rwanda","Volume of exports of goods and services","Percent change","","","19.018"
"559","WSM","Samoa","Gross domestic product based on purchasing-power-parity (PPP) valuation of country GDP","Current international dollar","Billions","","1.142"
"560","WSM","Samoa","Gross domestic product based on purchasing-power-parity (PPP) share of world total","Percent","","","0.001"
"561","WSM","Samoa","Volume of imports of goods and services","Percent change","","",""
"562","WSM","Samoa","Volume of exports of goods and services","Percent change","","",""
"563","SMR","San Marino","Gross domestic product based on purchasing-power-parity (PPP) valuation of country GDP","Current international dollar","Billions","","1.390"
"564","SMR","San Marino","Gross domestic product based on purchasing-power-parity (PPP) share of world total","Percent","","","0.002"
"565","SMR","San Marino","Volume of imports of goods and services","Percent change","","",""
"566","SMR","San Marino","Volume of exports of goods and services","Percent change","","",""
"567","STP","S茫o Tom茅 and Pr铆ncipe","Gross domestic product based on purchasing-power-parity (PPP) valuation of country GDP","Current international dollar","Billions","","0.420"
"568","STP","S茫o Tom茅 and Pr铆ncipe","Gross domestic product based on purchasing-power-parity (PPP) share of world total","Percent","","","--"
"569","STP","S茫o Tom茅 and Pr铆ncipe","Volume of imports of goods and services","Percent change","","","1.094"
"570","STP","S茫o Tom茅 and Pr铆ncipe","Volume of exports of goods and services","Percent change","","","1.029"
"571","SAU","Saudi Arabia","Gross domestic product based on purchasing-power-parity (PPP) valuation of country GDP","Current international dollar","Billions","","937.163"
"572","SAU","Saudi Arabia","Gross domestic product based on purchasing-power-parity (PPP) share of world total","Percent","","","1.077"
"573","SAU","Saudi Arabia","Volume of imports of goods and services","Percent change","","","5.856"
"574","SAU","Saudi Arabia","Volume of exports of goods and services","Percent change","","","0.167"
"575","SEN","Senegal","Gross domestic product based on purchasing-power-parity (PPP) valuation of country GDP","Current international dollar","Billions","","27.660"
"576","SEN","Senegal","Gross domestic product based on purchasing-power-parity (PPP) share of world total","Percent","","","0.032"
"577","SEN","Senegal","Volume of imports of goods and services","Percent change","","","9.117"
"578","SEN","Senegal","Volume of exports of goods and services","Percent change","","","10.495"
"579","SRB","Serbia","Gross domestic product based on purchasing-power-parity (PPP) valuation of country GDP","Current international dollar","Billions","","81.125"
"580","SRB","Serbia","Gross domestic product based on purchasing-power-parity (PPP) share of world total","Percent","","","0.093"
"581","SRB","Serbia","Volume of imports of goods and services","Percent change","","","3.017"
"582","SRB","Serbia","Volume of exports of goods and services","Percent change","","","17.980"
"583","SYC","Seychelles","Gross domestic product based on purchasing-power-parity (PPP) valuation of country GDP","Current international dollar","Billions","","2.461"
"584","SYC","Seychelles","Gross domestic product based on purchasing-power-parity (PPP) share of world total","Percent","","","0.003"
"585","SYC","Seychelles","Volume of imports of goods and services","Percent change","","","2.071"
"586","SYC","Seychelles","Volume of exports of goods and services","Percent change","","","9.352"
"587","SLE","Sierra Leone","Gross domestic product based on purchasing-power-parity (PPP) valuation of country GDP","Current international dollar","Billions","","9.411"
"588","SLE","Sierra Leone","Gross domestic product based on purchasing-power-parity (PPP) share of world total","Percent","","","0.011"
"589","SLE","Sierra Leone","Volume of imports of goods and services","Percent change","","","-3.305"
"590","SLE","Sierra Leone","Volume of exports of goods and services","Percent change","","","67.730"
"591","SGP","Singapore","Gross domestic product based on purchasing-power-parity (PPP) valuation of country GDP","Current international dollar","Billions","","348.700"
"592","SGP","Singapore","Gross domestic product based on purchasing-power-parity (PPP) share of world total","Percent","","","0.401"
"593","SGP","Singapore","Volume of imports of goods and services","Percent change","","","1.254"
"594","SGP","Singapore","Volume of exports of goods and services","Percent change","","","3.603"
"595","SVK","Slovak Republic","Gross domestic product based on purchasing-power-parity (PPP) valuation of country GDP","Current international dollar","Billions","","133.136"
"596","SVK","Slovak Republic","Gross domestic product based on purchasing-power-parity (PPP) share of world total","Percent","","","0.153"
"597","SVK","Slovak Republic","Volume of imports of goods and services","Percent change","","","2.893"
"598","SVK","Slovak Republic","Volume of exports of goods and services","Percent change","","","4.460"
"599","SVN","Slovenia","Gross domestic product based on purchasing-power-parity (PPP) valuation of country GDP","Current international dollar","Billions","","57.441"
"600","SVN","Slovenia","Gross domestic product based on purchasing-power-parity (PPP) share of world total","Percent","","","0.066"
"601","SVN","Slovenia","Volume of imports of goods and services","Percent change","","","1.286"
"602","SVN","Slovenia","Volume of exports of goods and services","Percent change","","","2.874"
"603","SLB","Solomon Islands","Gross domestic product based on purchasing-power-parity (PPP) valuation of country GDP","Current international dollar","Billions","","1.943"
"604","SLB","Solomon Islands","Gross domestic product based on purchasing-power-parity (PPP) share of world total","Percent","","","0.002"
"605","SLB","Solomon Islands","Volume of imports of goods and services","Percent change","","","8.355"
"606","SLB","Solomon Islands","Volume of exports of goods and services","Percent change","","","-1.198"
"607","ZAF","South Africa","Gross domestic product based on purchasing-power-parity (PPP) valuation of country GDP","Current international dollar","Billions","","596.532"
"608","ZAF","South Africa","Gross domestic product based on purchasing-power-parity (PPP) share of world total","Percent","","","0.686"
"609","ZAF","South Africa","Volume of imports of goods and services","Percent change","","","4.732"
"610","ZAF","South Africa","Volume of exports of goods and services","Percent change","","","4.221"
"611","SSD","South Sudan","Gross domestic product based on purchasing-power-parity (PPP) valuation of country GDP","Current international dollar","Billions","","14.693"
"612","SSD","South Sudan","Gross domestic product based on purchasing-power-parity (PPP) share of world total","Percent","","","0.017"
"613","SSD","South Sudan","Volume of imports of goods and services","Percent change","","",""
"614","SSD","South Sudan","Volume of exports of goods and services","Percent change","","",""
"615","ESP","Spain","Gross domestic product based on purchasing-power-parity (PPP) valuation of country GDP","Current international dollar","Billions","","1,391.349"
"616","ESP","Spain","Gross domestic product based on purchasing-power-parity (PPP) share of world total","Percent","","","1.599"
"617","ESP","Spain","Volume of imports of goods and services","Percent change","","","0.378"
"618","ESP","Spain","Volume of exports of goods and services","Percent change","","","4.884"
"619","LKA","Sri Lanka","Gross domestic product based on purchasing-power-parity (PPP) valuation of country GDP","Current international dollar","Billions","","135.979"
"620","LKA","Sri Lanka","Gross domestic product based on purchasing-power-parity (PPP) share of world total","Percent","","","0.156"
"621","LKA","Sri Lanka","Volume of imports of goods and services","Percent change","","","-2.600"
"622","LKA","Sri Lanka","Volume of exports of goods and services","Percent change","","","8.109"
"623","KNA","St. Kitts and Nevis","Gross domestic product based on purchasing-power-parity (PPP) valuation of country GDP","Current international dollar","Billions","","0.913"
"624","KNA","St. Kitts and Nevis","Gross domestic product based on purchasing-power-parity (PPP) share of world total","Percent","","","0.001"
"625","KNA","St. Kitts and Nevis","Volume of imports of goods and services","Percent change","","","7.271"
"626","KNA","St. Kitts and Nevis","Volume of exports of goods and services","Percent change","","","16.671"
"627","LCA","St. Lucia","Gross domestic product based on purchasing-power-parity (PPP) valuation of country GDP","Current international dollar","Billions","","2.149"
"628","LCA","St. Lucia","Gross domestic product based on purchasing-power-parity (PPP) share of world total","Percent","","","0.002"
"629","LCA","St. Lucia","Volume of imports of goods and services","Percent change","","","-0.589"
"630","LCA","St. Lucia","Volume of exports of goods and services","Percent change","","","2.768"
"631","VCT","St. Vincent and the Grenadines","Gross domestic product based on purchasing-power-parity (PPP) valuation of country GDP","Current international dollar","Billions","","1.340"
"632","VCT","St. Vincent and the Grenadines","Gross domestic product based on purchasing-power-parity (PPP) share of world total","Percent","","","0.002"
"633","VCT","St. Vincent and the Grenadines","Volume of imports of goods and services","Percent change","","","5.324"
"634","VCT","St. Vincent and the Grenadines","Volume of exports of goods and services","Percent change","","","4.832"
"635","SDN","Sudan","Gross domestic product based on purchasing-power-parity (PPP) valuation of country GDP","Current international dollar","Billions","","90.462"
"636","SDN","Sudan","Gross domestic product based on purchasing-power-parity (PPP) share of world total","Percent","","","0.104"
"637","SDN","Sudan","Volume of imports of goods and services","Percent change","","","10.255"
"638","SDN","Sudan","Volume of exports of goods and services","Percent change","","","31.365"
"639","SUR","Suriname","Gross domestic product based on purchasing-power-parity (PPP) valuation of country GDP","Current international dollar","Billions","","7.179"
"640","SUR","Suriname","Gross domestic product based on purchasing-power-parity (PPP) share of world total","Percent","","","0.008"
"641","SUR","Suriname","Volume of imports of goods and services","Percent change","","","5.968"
"642","SUR","Suriname","Volume of exports of goods and services","Percent change","","","-6.269"
"643","SWZ","Swaziland","Gross domestic product based on purchasing-power-parity (PPP) valuation of country GDP","Current international dollar","Billions","","6.793"
"644","SWZ","Swaziland","Gross domestic product based on purchasing-power-parity (PPP) share of world total","Percent","","","0.008"
"645","SWZ","Swaziland","Volume of imports of goods and services","Percent change","","","-0.863"
"646","SWZ","Swaziland","Volume of exports of goods and services","Percent change","","","15.926"
"647","SWE","Sweden","Gross domestic product based on purchasing-power-parity (PPP) valuation of country GDP","Current international dollar","Billions","","396.837"
"648","SWE","Sweden","Gross domestic product based on purchasing-power-parity (PPP) share of world total","Percent","","","0.456"
"649","SWE","Sweden","Volume of imports of goods and services","Percent change","","","2.519"
"650","SWE","Sweden","Volume of exports of goods and services","Percent change","","","2.869"
"651","CHE","Switzerland","Gross domestic product based on purchasing-power-parity (PPP) valuation of country GDP","Current international dollar","Billions","","371.568"
"652","CHE","Switzerland","Gross domestic product based on purchasing-power-parity (PPP) share of world total","Percent","","","0.427"
"653","CHE","Switzerland","Volume of imports of goods and services","Percent change","","","1.616"
"654","CHE","Switzerland","Volume of exports of goods and services","Percent change","","","1.984"
"655","SYR","Syria","Gross domestic product based on purchasing-power-parity (PPP) valuation of country GDP","Current international dollar","Billions","","n/a"
"656","SYR","Syria","Gross domestic product based on purchasing-power-parity (PPP) share of world total","Percent","","","n/a"
"657","SYR","Syria","Volume of imports of goods and services","Percent change","","","n/a"
"658","SYR","Syria","Volume of exports of goods and services","Percent change","","","n/a"
"659","TWN","Taiwan Province of China","Gross domestic product based on purchasing-power-parity (PPP) valuation of country GDP","Current international dollar","Billions","","929.495"
"660","TWN","Taiwan Province of China","Gross domestic product based on purchasing-power-parity (PPP) share of world total","Percent","","","1.068"
"661","TWN","Taiwan Province of China","Volume of imports of goods and services","Percent change","","","3.907"
"662","TWN","Taiwan Province of China","Volume of exports of goods and services","Percent change","","","3.329"
"663","TJK","Tajikistan","Gross domestic product based on purchasing-power-parity (PPP) valuation of country GDP","Current international dollar","Billions","","19.142"
"664","TJK","Tajikistan","Gross domestic product based on purchasing-power-parity (PPP) share of world total","Percent","","","0.022"
"665","TJK","Tajikistan","Volume of imports of goods and services","Percent change","","","8.560"
"666","TJK","Tajikistan","Volume of exports of goods and services","Percent change","","","3.990"
"667","TZA","Tanzania","Gross domestic product based on purchasing-power-parity (PPP) valuation of country GDP","Current international dollar","Billions","","79.388"
"668","TZA","Tanzania","Gross domestic product based on purchasing-power-parity (PPP) share of world total","Percent","","","0.091"
"669","TZA","Tanzania","Volume of imports of goods and services","Percent change","","","3.962"
"670","TZA","Tanzania","Volume of exports of goods and services","Percent change","","","3.677"
"671","THA","Thailand","Gross domestic product based on purchasing-power-parity (PPP) valuation of country GDP","Current international dollar","Billions","","673.725"
"672","THA","Thailand","Gross domestic product based on purchasing-power-parity (PPP) share of world total","Percent","","","0.774"
"673","THA","Thailand","Volume of imports of goods and services","Percent change","","","2.344"
"674","THA","Thailand","Volume of exports of goods and services","Percent change","","","4.203"
"675","TLS","Timor-Leste","Gross domestic product based on purchasing-power-parity (PPP) valuation of country GDP","Current international dollar","Billions","","25.772"
"676","TLS","Timor-Leste","Gross domestic product based on purchasing-power-parity (PPP) share of world total","Percent","","","0.030"
"677","TLS","Timor-Leste","Volume of imports of goods and services","Percent change","","",""
"678","TLS","Timor-Leste","Volume of exports of goods and services","Percent change","","",""
"679","TGO","Togo","Gross domestic product based on purchasing-power-parity (PPP) valuation of country GDP","Current international dollar","Billions","","7.391"
"680","TGO","Togo","Gross domestic product based on purchasing-power-parity (PPP) share of world total","Percent","","","0.008"
"681","TGO","Togo","Volume of imports of goods and services","Percent change","","","10.960"
"682","TGO","Togo","Volume of exports of goods and services","Percent change","","","12.767"
"683","TON","Tonga","Gross domestic product based on purchasing-power-parity (PPP) valuation of country GDP","Current international dollar","Billions","","0.847"
"684","TON","Tonga","Gross domestic product based on purchasing-power-parity (PPP) share of world total","Percent","","","0.001"
"685","TON","Tonga","Volume of imports of goods and services","Percent change","","","-1.726"
"686","TON","Tonga","Volume of exports of goods and services","Percent change","","","-1.726"
"687","TTO","Trinidad and Tobago","Gross domestic product based on purchasing-power-parity (PPP) valuation of country GDP","Current international dollar","Billions","","27.471"
"688","TTO","Trinidad and Tobago","Gross domestic product based on purchasing-power-parity (PPP) share of world total","Percent","","","0.032"
"689","TTO","Trinidad and Tobago","Volume of imports of goods and services","Percent change","","","8.260"
"690","TTO","Trinidad and Tobago","Volume of exports of goods and services","Percent change","","","18.690"
"691","TUN","Tunisia","Gross domestic product based on purchasing-power-parity (PPP) valuation of country GDP","Current international dollar","Billions","","108.430"
"692","TUN","Tunisia","Gross domestic product based on purchasing-power-parity (PPP) share of world total","Percent","","","0.125"
"693","TUN","Tunisia","Volume of imports of goods and services","Percent change","","","3.466"
"694","TUN","Tunisia","Volume of exports of goods and services","Percent change","","","2.441"
"695","TUR","Turkey","Gross domestic product based on purchasing-power-parity (PPP) valuation of country GDP","Current international dollar","Billions","","1,174.229"
"696","TUR","Turkey","Gross domestic product based on purchasing-power-parity (PPP) share of world total","Percent","","","1.350"
"697","TUR","Turkey","Volume of imports of goods and services","Percent change","","","8.370"
"698","TUR","Turkey","Volume of exports of goods and services","Percent change","","","0.471"
"699","TKM","Turkmenistan","Gross domestic product based on purchasing-power-parity (PPP) valuation of country GDP","Current international dollar","Billions","","54.246"
"700","TKM","Turkmenistan","Gross domestic product based on purchasing-power-parity (PPP) share of world total","Percent","","","0.062"
"701","TKM","Turkmenistan","Volume of imports of goods and services","Percent change","","","9.717"
"702","TKM","Turkmenistan","Volume of exports of goods and services","Percent change","","","7.282"
"703","TUV","Tuvalu","Gross domestic product based on purchasing-power-parity (PPP) valuation of country GDP","Current international dollar","Billions","","0.040"
"704","TUV","Tuvalu","Gross domestic product based on purchasing-power-parity (PPP) share of world total","Percent","","","--"
"705","TUV","Tuvalu","Volume of imports of goods and services","Percent change","","",""
"706","TUV","Tuvalu","Volume of exports of goods and services","Percent change","","",""
"707","UGA","Uganda","Gross domestic product based on purchasing-power-parity (PPP) valuation of country GDP","Current international dollar","Billions","","54.643"
"708","UGA","Uganda","Gross domestic product based on purchasing-power-parity (PPP) share of world total","Percent","","","0.063"
"709","UGA","Uganda","Volume of imports of goods and services","Percent change","","","7.535"
"710","UGA","Uganda","Volume of exports of goods and services","Percent change","","","16.001"
"711","UKR","Ukraine","Gross domestic product based on purchasing-power-parity (PPP) valuation of country GDP","Current international dollar","Billions","","336.807"
"712","UKR","Ukraine","Gross domestic product based on purchasing-power-parity (PPP) share of world total","Percent","","","0.387"
"713","UKR","Ukraine","Volume of imports of goods and services","Percent change","","","-4.129"
"714","UKR","Ukraine","Volume of exports of goods and services","Percent change","","","-8.320"
"715","ARE","United Arab Emirates","Gross domestic product based on purchasing-power-parity (PPP) valuation of country GDP","Current international dollar","Billions","","272.027"
"716","ARE","United Arab Emirates","Gross domestic product based on purchasing-power-parity (PPP) share of world total","Percent","","","0.313"
"717","ARE","United Arab Emirates","Volume of imports of goods and services","Percent change","","","18.901"
"718","ARE","United Arab Emirates","Volume of exports of goods and services","Percent change","","","12.307"
"719","GBR","United Kingdom","Gross domestic product based on purchasing-power-parity (PPP) valuation of country GDP","Current international dollar","Billions","","2,390.873"
"720","GBR","United Kingdom","Gross domestic product based on purchasing-power-parity (PPP) share of world total","Percent","","","2.748"
"721","GBR","United Kingdom","Volume of imports of goods and services","Percent change","","","0.439"
"722","GBR","United Kingdom","Volume of exports of goods and services","Percent change","","","0.787"
"723","USA","United States","Gross domestic product based on purchasing-power-parity (PPP) valuation of country GDP","Current international dollar","Billions","","16,799.700"
"724","USA","United States","Gross domestic product based on purchasing-power-parity (PPP) share of world total","Percent","","","19.311"
"725","USA","United States","Volume of imports of goods and services","Percent change","","","1.429"
"726","USA","United States","Volume of exports of goods and services","Percent change","","","2.687"
"727","URY","Uruguay","Gross domestic product based on purchasing-power-parity (PPP) valuation of country GDP","Current international dollar","Billions","","56.730"
"728","URY","Uruguay","Gross domestic product based on purchasing-power-parity (PPP) share of world total","Percent","","","0.065"
"729","URY","Uruguay","Volume of imports of goods and services","Percent change","","","2.792"
"730","URY","Uruguay","Volume of exports of goods and services","Percent change","","","-1.713"
"731","UZB","Uzbekistan","Gross domestic product based on purchasing-power-parity (PPP) valuation of country GDP","Current international dollar","Billions","","113.755"
"732","UZB","Uzbekistan","Gross domestic product based on purchasing-power-parity (PPP) share of world total","Percent","","","0.131"
"733","UZB","Uzbekistan","Volume of imports of goods and services","Percent change","","","6.248"
"734","UZB","Uzbekistan","Volume of exports of goods and services","Percent change","","","19.816"
"735","VUT","Vanuatu","Gross domestic product based on purchasing-power-parity (PPP) valuation of country GDP","Current international dollar","Billions","","1.257"
"736","VUT","Vanuatu","Gross domestic product based on purchasing-power-parity (PPP) share of world total","Percent","","","0.001"
"737","VUT","Vanuatu","Volume of imports of goods and services","Percent change","","",""
"738","VUT","Vanuatu","Volume of exports of goods and services","Percent change","","",""
"739","VEN","Venezuela","Gross domestic product based on purchasing-power-parity (PPP) valuation of country GDP","Current international dollar","Billions","","407.940"
"740","VEN","Venezuela","Gross domestic product based on purchasing-power-parity (PPP) share of world total","Percent","","","0.469"
"741","VEN","Venezuela","Volume of imports of goods and services","Percent change","","","-8.600"
"742","VEN","Venezuela","Volume of exports of goods and services","Percent change","","","-6.528"
"743","VNM","Vietnam","Gross domestic product based on purchasing-power-parity (PPP) valuation of country GDP","Current international dollar","Billions","","359.796"
"744","VNM","Vietnam","Gross domestic product based on purchasing-power-parity (PPP) share of world total","Percent","","","0.414"
"745","VNM","Vietnam","Volume of imports of goods and services","Percent change","","","15.276"
"746","VNM","Vietnam","Volume of exports of goods and services","Percent change","","","11.610"
"747","YEM","Yemen","Gross domestic product based on purchasing-power-parity (PPP) valuation of country GDP","Current international dollar","Billions","","61.752"
"748","YEM","Yemen","Gross domestic product based on purchasing-power-parity (PPP) share of world total","Percent","","","0.071"
"749","YEM","Yemen","Volume of imports of goods and services","Percent change","","","-3.953"
"750","YEM","Yemen","Volume of exports of goods and services","Percent change","","","10.323"
"751","ZMB","Zambia","Gross domestic product based on purchasing-power-parity (PPP) valuation of country GDP","Current international dollar","Billions","","25.501"
"752","ZMB","Zambia","Gross domestic product based on purchasing-power-parity (PPP) share of world total","Percent","","","0.029"
"753","ZMB","Zambia","Volume of imports of goods and services","Percent change","","","16.288"
"754","ZMB","Zambia","Volume of exports of goods and services","Percent change","","","18.259"
"755","ZWE","Zimbabwe","Gross domestic product based on purchasing-power-parity (PPP) valuation of country GDP","Current international dollar","Billions","","10.332"
"756","ZWE","Zimbabwe","Gross domestic product based on purchasing-power-parity (PPP) share of world total","Percent","","","0.012"
"757","ZWE","Zimbabwe","Volume of imports of goods and services","Percent change","","",""
"758","ZWE","Zimbabwe","Volume of exports of goods and services","Percent change","","",""
